Time,x,y,pressure,accel_x,accel_y,accel_z,gyro_x,gyro_y,gyro_z
2024-02-15 17:18:34.413842,158,74,447,-67.10,974.66,169.34,455.00,-192.50,-297.50
2024-02-15 17:18:34.519243,159,77,0,-66.98,974.78,169.34,560.00,-157.50,-385.00
2024-02-15 17:18:34.624205,160,74,427,-66.98,974.78,169.70,420.00,-227.50,-315.00
2024-02-15 17:18:34.729817,162,76,417,-66.86,974.78,169.34,542.50,-192.50,-280.00
2024-02-15 17:18:34.824665,162,76,415,-67.10,974.78,169.46,490.00,-210.00,-315.00
2024-02-15 17:18:34.939873,163,75,408,-66.98,974.78,169.21,437.50,-210.00,-262.50
2024-02-15 17:18:35.045759,163,84,0,-66.86,974.78,169.58,665.00,-245.00,-315.00
2024-02-15 17:18:35.150214,163,76,401,-66.73,974.78,169.21,595.00,-175.00,-332.50
2024-02-15 17:18:35.255572,163,76,0,-67.10,974.78,169.46,507.50,-140.00,-315.00
2024-02-15 17:18:35.356511,162,76,388,-67.10,974.54,169.34,420.00,-192.50,-350.00
2024-02-15 17:18:35.466245,161,76,387,-66.98,974.54,169.58,630.00,-192.50,-350.00
2024-02-15 17:18:35.571503,159,77,395,-66.98,974.78,169.34,420.00,-140.00,-385.00
2024-02-15 17:18:35.675678,156,77,377,-66.98,974.66,169.46,577.50,-192.50,-332.50
2024-02-15 17:18:35.780674,151,76,0,-67.22,974.78,168.97,437.50,-175.00,-332.50
2024-02-15 17:18:35.886874,146,75,387,-67.22,974.54,169.21,752.50,-175.00,-297.50
2024-02-15 17:18:35.991725,142,74,386,-67.10,974.66,169.34,612.50,-210.00,-245.00
2024-02-15 17:18:36.097751,134,72,388,-67.10,974.66,169.58,577.50,-157.50,-280.00
2024-02-15 17:18:36.202961,125,69,373,-67.10,974.54,169.21,472.50,-192.50,-350.00
2024-02-15 17:18:36.308100,116,66,383,-67.22,974.78,169.34,577.50,-140.00,-315.00
2024-02-15 17:18:36.412552,106,62,388,-67.10,974.78,169.21,525.00,-157.50,-280.00
2024-02-15 17:18:36.517939,97,59,384,-66.98,974.66,169.21,420.00,-192.50,-245.00
2024-02-15 17:18:36.622512,91,56,381,-67.10,974.78,169.34,507.50,-210.00,-437.50
2024-02-15 17:18:36.729128,86,53,0,-67.10,974.66,169.58,472.50,-227.50,-280.00
2024-02-15 17:18:36.834220,83,53,378,-67.22,974.66,169.21,455.00,-245.00,-367.50
2024-02-15 17:18:36.939448,80,52,374,-67.34,974.54,169.70,525.00,-105.00,-455.00
2024-02-15 17:18:37.044414,79,52,0,-66.98,974.78,170.19,350.00,-175.00,-227.50
2024-02-15 17:18:37.149830,79,52,365,-67.22,974.90,170.80,542.50,-210.00,-367.50
2024-02-15 17:18:37.255002,79,52,0,-66.98,974.78,170.31,420.00,-70.00,-262.50
2024-02-15 17:18:37.359750,80,51,333,-67.10,974.54,170.43,560.00,-192.50,-210.00
2024-02-15 17:18:37.464796,81,51,337,-67.10,974.54,170.07,577.50,-157.50,-350.00
2024-02-15 17:18:37.570532,82,51,342,-66.98,974.54,170.19,525.00,-140.00,-297.50
2024-02-15 17:18:37.675585,86,52,333,-67.10,974.66,170.07,647.50,-210.00,-455.00
2024-02-15 17:18:37.780516,92,54,323,-66.98,974.54,170.19,455.00,-245.00,-297.50
2024-02-15 17:18:37.878990,100,58,327,-66.86,974.66,170.07,717.50,-122.50,-350.00
2024-02-15 17:18:37.991244,109,63,336,-66.98,974.66,170.19,577.50,-140.00,-297.50
2024-02-15 17:18:38.096062,117,67,354,-66.86,974.66,170.07,525.00,-105.00,-280.00
2024-02-15 17:18:38.200812,129,70,0,-66.86,974.54,170.07,525.00,-87.50,-350.00
2024-02-15 17:18:38.306694,142,75,0,-66.98,974.54,169.82,525.00,-157.50,-315.00
2024-02-15 17:18:38.411871,154,81,378,-66.86,974.54,169.82,595.00,-227.50,-280.00
2024-02-15 17:18:38.517034,164,85,385,-67.10,974.54,169.82,542.50,-175.00,-332.50
2024-02-15 17:18:38.621587,175,94,0,-66.98,974.41,169.82,420.00,-175.00,-210.00
2024-02-15 17:18:38.727171,183,101,0,-67.10,974.54,169.58,507.50,-140.00,-280.00
2024-02-15 17:18:38.833182,188,108,0,-67.10,974.66,169.34,525.00,-175.00,-350.00
2024-02-15 17:18:38.937830,189,108,397,-66.98,974.66,169.34,542.50,-210.00,-350.00
2024-02-15 17:18:39.043687,189,112,392,-67.10,974.54,169.58,350.00,-210.00,-297.50
2024-02-15 17:18:39.148744,187,112,0,-67.10,974.78,169.70,420.00,-175.00,-297.50
2024-02-15 17:18:39.252538,185,115,372,-67.10,974.78,170.07,577.50,-122.50,-280.00
2024-02-15 17:18:39.357966,180,115,0,-66.86,974.78,170.07,612.50,-210.00,-315.00
2024-02-15 17:18:39.463296,173,115,368,-66.98,974.78,170.31,717.50,-175.00,-315.00
2024-02-15 17:18:39.569276,164,115,365,-67.10,974.78,170.07,472.50,-140.00,-332.50
2024-02-15 17:18:39.673648,157,113,0,-67.10,974.66,169.95,490.00,-192.50,-315.00
2024-02-15 17:18:39.779181,147,114,324,-66.98,974.66,169.58,717.50,-140.00,-262.50
2024-02-15 17:18:39.883792,138,111,0,-66.98,974.54,169.58,437.50,-262.50,-385.00
2024-02-15 17:18:39.989771,129,112,311,-66.98,974.54,169.58,630.00,-210.00,-332.50
2024-02-15 17:18:40.095229,119,110,338,-67.10,974.54,169.58,490.00,-175.00,-332.50
2024-02-15 17:18:40.199992,109,109,346,-66.98,974.41,169.58,385.00,-192.50,-297.50
2024-02-15 17:18:40.305962,100,109,375,-66.98,974.78,169.58,682.50,-157.50,-385.00
2024-02-15 17:18:40.409908,94,108,375,-66.98,974.41,169.34,525.00,-175.00,-315.00
2024-02-15 17:18:40.515417,89,108,376,-67.10,974.54,169.21,332.50,-210.00,-280.00
2024-02-15 17:18:40.620494,86,109,373,-66.86,974.54,169.34,542.50,-262.50,-245.00
2024-02-15 17:18:40.726784,83,110,0,-66.86,974.54,169.34,472.50,-157.50,-332.50
2024-02-15 17:18:40.831349,82,108,0,-67.34,974.41,169.34,157.50,-227.50,-332.50
2024-02-15 17:18:40.936771,82,107,373,-66.98,974.78,169.09,227.50,-227.50,-227.50
2024-02-15 17:18:41.041614,82,107,386,-67.34,974.54,169.58,892.50,-192.50,-437.50
2024-02-15 17:18:41.147383,83,106,388,-67.10,974.54,169.09,227.50,-245.00,-280.00
2024-02-15 17:18:41.252745,84,104,378,-67.34,974.66,169.58,682.50,-122.50,-315.00
2024-02-15 17:18:41.357734,86,101,379,-67.10,974.66,169.09,437.50,-227.50,-297.50
2024-02-15 17:18:41.462266,89,99,384,-67.22,974.54,169.58,612.50,-122.50,-280.00
2024-02-15 17:18:41.568288,92,96,0,-66.98,974.66,169.21,455.00,-122.50,-297.50
2024-02-15 17:18:41.673431,97,92,385,-67.34,974.66,169.58,560.00,-192.50,-315.00
2024-02-15 17:18:41.778654,100,90,382,-66.98,974.66,169.34,437.50,-227.50,-315.00
2024-02-15 17:18:41.883949,104,88,380,-66.98,974.54,169.82,805.00,-210.00,-350.00
2024-02-15 17:18:41.989444,107,83,0,-66.73,974.66,169.21,402.50,-192.50,-297.50
2024-02-15 17:18:42.093364,109,83,376,-67.22,974.41,169.58,507.50,-175.00,-297.50
2024-02-15 17:18:42.199810,110,82,0,-66.98,974.66,169.34,332.50,-157.50,-297.50
2024-02-15 17:18:42.303665,110,81,0,-67.10,974.66,169.70,787.50,-245.00,-350.00
2024-02-15 17:18:42.409810,110,80,0,-67.10,974.54,169.09,437.50,-245.00,-297.50
2024-02-15 17:18:42.514520,110,80,0,-67.22,974.54,169.58,682.50,-175.00,-385.00
2024-02-15 17:18:42.620091,110,81,0,-67.10,974.54,169.09,385.00,-210.00,-315.00
2024-02-15 17:18:42.725275,110,82,380,-67.10,974.41,169.34,385.00,-262.50,-280.00
2024-02-15 17:18:42.830575,110,84,366,-66.73,974.78,169.21,577.50,-192.50,-385.00
2024-02-15 17:18:42.935579,110,88,0,-67.10,974.54,169.34,595.00,-210.00,-315.00
2024-02-15 17:18:43.041163,111,92,374,-66.98,974.54,169.34,612.50,-227.50,-332.50
2024-02-15 17:18:43.146690,112,96,0,-67.10,974.41,169.46,577.50,-175.00,-262.50
2024-02-15 17:18:43.251956,113,101,386,-66.86,974.54,169.34,402.50,-210.00,-315.00
2024-02-15 17:18:43.356089,115,107,362,-66.98,974.41,169.58,595.00,-87.50,-297.50
2024-02-15 17:18:43.455768,117,113,392,-66.98,974.41,169.21,437.50,-105.00,-280.00
2024-02-15 17:18:43.567420,118,116,0,-66.86,974.41,169.46,490.00,-175.00,-332.50
2024-02-15 17:18:43.672328,119,122,399,-66.86,974.41,169.34,525.00,-105.00,-315.00
2024-02-15 17:18:43.777724,120,127,400,-66.98,974.41,169.58,630.00,-157.50,-367.50
2024-02-15 17:18:43.882061,121,131,404,-66.98,974.29,169.46,542.50,-122.50,-297.50
2024-02-15 17:18:43.988156,121,133,0,-67.22,974.41,169.34,507.50,-262.50,-315.00
2024-02-15 17:18:44.093173,121,138,0,-67.10,974.41,169.34,402.50,-245.00,-280.00
2024-02-15 17:18:44.198835,121,140,407,-66.98,974.29,169.58,472.50,-210.00,-315.00
2024-02-15 17:18:44.304059,120,142,414,-67.22,974.54,169.58,507.50,-105.00,-315.00
2024-02-15 17:18:44.408983,120,144,408,-67.10,974.41,169.70,350.00,-245.00,-262.50
2024-02-15 17:18:44.514126,120,145,405,-67.22,974.66,169.58,787.50,-140.00,-420.00
2024-02-15 17:18:44.619014,119,145,393,-67.22,974.41,169.58,245.00,-210.00,-227.50
2024-02-15 17:18:44.725023,118,146,373,-66.73,974.78,169.82,665.00,-175.00,-385.00
2024-02-15 17:18:44.830006,118,146,394,-67.22,974.54,169.34,472.50,-262.50,-280.00
2024-02-15 17:18:44.935140,117,146,385,-66.98,974.54,169.46,525.00,-192.50,-245.00
2024-02-15 17:18:45.039812,117,146,0,-67.10,974.54,169.70,682.50,-122.50,-350.00
2024-02-15 17:18:45.145722,117,146,391,-66.98,974.54,169.58,280.00,-262.50,-262.50
2024-02-15 17:18:45.250495,117,146,392,-67.10,974.66,169.46,857.50,-140.00,-420.00
2024-02-15 17:18:45.355655,117,146,391,-66.98,974.54,169.46,455.00,-192.50,-332.50
2024-02-15 17:18:45.460440,117,147,387,-67.10,974.54,169.58,700.00,-192.50,-350.00
2024-02-15 17:18:45.565942,117,145,0,-67.10,974.66,169.46,402.50,-245.00,-315.00
2024-02-15 17:18:45.671710,116,148,397,-67.10,974.54,169.58,437.50,-105.00,-280.00
2024-02-15 17:18:45.777012,117,149,0,-67.22,974.66,169.46,385.00,-122.50,-315.00
2024-02-15 17:18:45.882192,117,151,0,-67.10,974.66,169.34,665.00,-122.50,-332.50
2024-02-15 17:18:45.983232,117,152,390,-67.10,974.54,169.82,437.50,-227.50,-262.50
2024-02-15 17:18:46.092239,117,153,396,-67.10,974.54,169.70,210.00,-140.00,-437.50
2024-02-15 17:18:46.197760,117,154,397,-66.98,974.54,169.70,350.00,-140.00,-297.50
2024-02-15 17:18:46.303014,117,156,0,-67.10,974.54,169.34,525.00,-192.50,-402.50
2024-02-15 17:18:46.408044,116,157,399,-66.98,974.66,169.70,682.50,-105.00,-315.00
2024-02-15 17:18:46.512266,116,158,399,-67.10,974.54,170.07,420.00,-227.50,-280.00
2024-02-15 17:18:46.617944,115,159,397,-66.98,974.66,169.95,700.00,-122.50,-385.00
2024-02-15 17:18:46.722873,115,159,0,-66.86,974.54,170.07,665.00,-157.50,-280.00
2024-02-15 17:18:46.828177,115,160,0,-66.98,974.54,169.70,595.00,-87.50,-297.50
2024-02-15 17:18:46.933320,115,161,403,-67.10,974.66,169.82,472.50,-122.50,-280.00
2024-02-15 17:18:47.038279,114,162,408,-67.10,974.54,169.82,525.00,-157.50,-315.00
2024-02-15 17:18:47.144490,114,164,399,-66.98,974.54,169.95,472.50,-175.00,-210.00
2024-02-15 17:18:47.250219,114,165,403,-66.86,974.66,169.58,367.50,-122.50,-385.00
2024-02-15 17:18:47.355105,114,166,409,-66.86,974.54,169.82,577.50,-210.00,-262.50
2024-02-15 17:18:47.459334,114,167,406,-66.98,974.41,169.58,542.50,-227.50,-332.50
2024-02-15 17:18:47.565290,114,163,0,-67.10,974.54,169.58,402.50,-140.00,-262.50
2024-02-15 17:18:47.670404,114,170,404,-66.86,974.41,169.58,437.50,-210.00,-297.50
2024-02-15 17:18:47.775933,114,171,406,-66.98,974.54,169.34,507.50,-140.00,-332.50
2024-02-15 17:18:47.880815,114,172,405,-67.10,974.54,169.58,525.00,-140.00,-262.50
2024-02-15 17:18:47.986241,114,171,405,-66.98,974.54,169.46,647.50,-157.50,-297.50
2024-02-15 17:18:48.091342,114,172,406,-67.10,974.78,169.82,577.50,-192.50,-210.00
2024-02-15 17:18:48.196796,114,172,409,-66.86,974.78,170.07,595.00,-122.50,-350.00
2024-02-15 17:18:48.301282,114,172,406,-66.86,974.78,170.07,490.00,-192.50,-315.00
2024-02-15 17:18:48.406473,113,172,405,-66.98,974.66,169.95,630.00,-157.50,-297.50
2024-02-15 17:18:48.511980,113,172,408,-66.98,974.66,169.82,525.00,-140.00,-332.50
2024-02-15 17:18:48.616925,113,173,405,-66.98,974.54,169.82,700.00,-210.00,-332.50
2024-02-15 17:18:48.723177,113,173,396,-66.98,974.66,169.58,402.50,-192.50,-297.50
2024-02-15 17:18:48.827363,113,173,396,-67.10,974.66,169.70,577.50,-227.50,-350.00
2024-02-15 17:18:48.933033,113,174,400,-66.98,974.66,169.58,455.00,-140.00,-297.50
2024-02-15 17:18:49.038303,112,174,400,-67.10,974.66,169.70,525.00,-105.00,-315.00
2024-02-15 17:18:49.143256,112,174,0,-67.10,974.66,169.58,577.50,-140.00,-315.00
2024-02-15 17:18:49.248804,112,172,0,-67.10,974.54,169.70,437.50,-297.50,-367.50
2024-02-15 17:18:49.353521,112,175,398,-67.10,974.54,169.70,700.00,-157.50,-280.00
2024-02-15 17:18:49.459079,112,175,0,-67.10,974.66,169.58,612.50,-227.50,-367.50
2024-02-15 17:18:49.550738,112,175,392,-66.98,974.41,169.46,525.00,-227.50,-262.50
2024-02-15 17:18:49.669797,111,175,391,-67.22,974.29,169.58,612.50,-227.50,-350.00
2024-02-15 17:18:49.774825,112,175,388,-67.10,974.54,169.58,560.00,-192.50,-332.50
2024-02-15 17:18:49.879645,111,176,389,-67.10,974.41,169.58,455.00,-192.50,-262.50
2024-02-15 17:18:49.984925,111,176,389,-67.10,974.54,169.58,577.50,-157.50,-385.00
2024-02-15 17:18:50.089711,110,176,385,-67.10,974.54,169.34,560.00,-157.50,-297.50
2024-02-15 17:18:50.195088,110,176,383,-66.98,974.54,169.34,682.50,-157.50,-280.00
2024-02-15 17:18:50.300532,110,176,383,-67.10,974.54,169.34,647.50,-192.50,-315.00
2024-02-15 17:18:50.405771,110,176,381,-67.22,974.54,169.34,507.50,-262.50,-227.50
2024-02-15 17:18:50.510401,110,177,381,-67.10,974.54,169.46,490.00,-87.50,-297.50
2024-02-15 17:18:50.615687,110,177,379,-67.10,974.54,169.58,507.50,-140.00,-367.50
2024-02-15 17:18:50.721883,110,178,378,-67.10,974.54,169.46,525.00,-192.50,-315.00
2024-02-15 17:18:50.826571,110,179,373,-66.98,974.54,169.58,612.50,-227.50,-385.00
2024-02-15 17:18:50.931956,111,179,379,-66.86,974.66,169.46,647.50,-157.50,-332.50
2024-02-15 17:18:51.036843,112,181,376,-67.10,974.66,169.46,455.00,-192.50,-280.00
2024-02-15 17:18:51.142029,114,182,372,-67.10,974.41,169.82,490.00,-227.50,-315.00
2024-02-15 17:18:51.247587,115,182,367,-66.86,974.66,169.70,1102.50,-105.00,-490.00
2024-02-15 17:18:51.353128,117,183,369,-67.10,974.29,169.82,420.00,-227.50,-262.50
2024-02-15 17:18:51.457746,120,179,0,-66.86,974.66,169.58,525.00,-157.50,-385.00
2024-02-15 17:18:51.562839,123,190,348,-67.10,974.54,169.70,595.00,-175.00,-385.00
2024-02-15 17:18:51.668794,127,193,364,-67.10,974.54,169.34,525.00,-140.00,-227.50
2024-02-15 17:18:51.773523,132,197,364,-67.10,974.66,169.58,630.00,-52.50,-385.00
2024-02-15 17:18:51.879102,136,192,0,-66.86,974.66,169.58,595.00,-175.00,-315.00
2024-02-15 17:18:51.983156,142,214,0,-67.10,974.54,169.82,647.50,-175.00,-315.00
2024-02-15 17:18:52.089567,146,211,363,-67.10,974.54,169.46,350.00,-122.50,-332.50
2024-02-15 17:18:52.194419,152,217,0,-66.98,974.54,169.70,525.00,-210.00,-280.00
2024-02-15 17:18:52.299005,154,224,359,-66.98,974.66,169.58,402.50,-157.50,-297.50
2024-02-15 17:18:52.404436,156,229,357,-66.86,974.66,169.70,595.00,-157.50,-315.00
2024-02-15 17:18:52.510699,157,231,359,-66.73,974.66,169.58,507.50,-192.50,-455.00
2024-02-15 17:18:52.614034,156,231,357,-66.98,974.66,169.82,315.00,-192.50,-350.00
2024-02-15 17:18:52.720595,155,235,361,-66.86,974.78,170.07,507.50,-122.50,-280.00
2024-02-15 17:18:52.825586,152,236,0,-66.86,974.66,170.31,455.00,-157.50,-315.00
2024-02-15 17:18:52.931310,148,233,362,-66.86,974.54,170.43,735.00,-87.50,-385.00
2024-02-15 17:18:53.035768,142,233,364,-67.10,974.78,170.19,367.50,-227.50,-350.00
2024-02-15 17:18:53.135865,134,231,0,-66.98,974.54,170.07,612.50,-262.50,-280.00
2024-02-15 17:18:53.246720,128,237,361,-66.86,974.54,170.07,612.50,-175.00,-350.00
2024-02-15 17:18:53.351631,120,237,0,-66.86,974.41,169.95,367.50,-210.00,-350.00
2024-02-15 17:18:53.456344,114,237,365,-67.10,974.54,169.95,682.50,-210.00,-297.50
2024-02-15 17:18:53.562059,107,238,370,-67.10,974.54,169.70,490.00,-140.00,-280.00
2024-02-15 17:18:53.666662,101,240,0,-67.22,974.41,169.82,577.50,-140.00,-350.00
2024-02-15 17:18:53.772747,95,238,0,-67.10,974.41,169.58,367.50,-227.50,-262.50
2024-02-15 17:18:53.877814,89,241,0,-67.22,974.54,169.82,507.50,-192.50,-385.00
2024-02-15 17:18:53.983136,85,241,378,-66.86,974.29,169.46,455.00,-227.50,-315.00
2024-02-15 17:18:54.087987,81,241,384,-67.10,974.54,169.82,647.50,-105.00,-367.50
2024-02-15 17:18:54.193423,79,239,390,-66.98,974.41,169.34,455.00,-227.50,-192.50
2024-02-15 17:18:54.297961,77,240,396,-67.10,974.66,169.70,542.50,-192.50,-280.00
2024-02-15 17:18:54.403416,76,237,404,-66.98,974.29,169.46,560.00,-175.00,-315.00
2024-02-15 17:18:54.508598,74,240,422,-66.86,974.54,169.82,525.00,-157.50,-297.50
2024-02-15 17:18:54.613376,74,241,433,-66.98,974.66,169.95,385.00,-122.50,-262.50
2024-02-15 17:18:54.720166,74,238,551,-67.10,974.78,169.82,455.00,-210.00,-332.50
2024-02-15 17:18:54.824995,-46,143,0,-66.98,974.78,169.82,402.50,-227.50,-332.50
2024-02-15 17:18:54.929652,-46,251,0,-66.98,974.78,169.70,665.00,-140.00,-315.00
2024-02-15 17:18:55.034831,-46,304,0,-66.98,974.66,169.58,472.50,-262.50,-350.00
2024-02-15 17:18:55.139952,-46,220,0,-66.86,974.90,169.82,700.00,-157.50,-315.00
2024-02-15 17:18:55.244895,-46,191,0,-66.73,974.78,170.19,717.50,-70.00,-297.50
2024-02-15 17:18:55.350661,-46,236,0,-66.86,974.66,170.68,542.50,-122.50,-297.50
2024-02-15 17:18:55.456284,-46,222,0,-66.86,974.78,170.19,577.50,-210.00,-192.50
2024-02-15 17:18:55.560066,-46,218,0,-66.98,974.78,170.68,560.00,-175.00,-350.00
2024-02-15 17:18:55.666222,-46,218,0,-66.86,974.66,170.07,665.00,-140.00,-350.00
2024-02-15 17:18:55.771483,-46,216,0,-66.86,974.54,170.19,560.00,-245.00,-297.50
2024-02-15 17:18:55.876555,-46,224,0,-66.86,974.66,169.95,490.00,-192.50,-402.50
2024-02-15 17:18:55.982117,-46,218,0,-66.98,974.54,170.19,420.00,-140.00,-315.00
2024-02-15 17:18:56.087303,-46,213,0,-66.61,974.78,169.82,455.00,-105.00,-315.00
2024-02-15 17:18:56.189667,-46,218,0,-66.86,974.54,170.07,490.00,-227.50,-280.00
2024-02-15 17:18:56.297407,-46,222,0,-66.86,974.54,169.70,420.00,-157.50,-315.00
2024-02-15 17:18:56.402501,-46,220,0,-66.98,974.54,170.07,525.00,-157.50,-332.50
2024-02-15 17:18:56.508184,-46,219,0,-66.98,974.54,169.70,367.50,-210.00,-297.50
2024-02-15 17:18:56.612251,-46,213,0,-66.86,974.54,170.07,525.00,-245.00,-350.00
2024-02-15 17:18:56.718577,-46,222,0,-66.86,974.41,169.58,472.50,-122.50,-280.00
2024-02-15 17:18:56.823722,-46,220,0,-66.98,974.54,169.95,542.50,-210.00,-350.00
2024-02-15 17:18:56.929077,-46,219,0,-66.86,974.66,169.58,455.00,-157.50,-385.00
2024-02-15 17:18:57.034134,-46,218,0,-66.86,974.54,169.82,560.00,-227.50,-245.00
2024-02-15 17:18:57.138937,-46,221,0,-66.86,974.78,169.46,507.50,-210.00,-245.00
2024-02-15 17:18:57.244299,-46,230,0,-66.86,974.78,169.70,577.50,-175.00,-315.00
2024-02-15 17:18:57.350005,-46,218,0,-66.86,974.78,169.82,472.50,-192.50,-315.00
2024-02-15 17:18:57.455025,-46,215,0,-66.98,974.78,170.19,682.50,-210.00,-315.00
2024-02-15 17:18:57.560237,-46,222,0,-67.10,974.78,170.19,472.50,-227.50,-315.00
2024-02-15 17:18:57.665291,-46,220,0,-66.98,974.54,170.31,595.00,-122.50,-367.50
2024-02-15 17:18:57.770372,-46,218,0,-66.86,974.54,170.07,297.50,-192.50,-315.00
2024-02-15 17:18:57.876076,-46,215,0,-66.98,974.54,170.19,542.50,-175.00,-332.50
2024-02-15 17:18:57.981414,-46,195,0,-66.98,974.54,169.82,490.00,-87.50,-350.00
2024-02-15 17:18:58.086151,-46,218,0,-66.98,974.66,169.95,490.00,-280.00,-332.50
2024-02-15 17:18:58.191173,-46,135,0,-66.73,974.66,169.82,577.50,-175.00,-280.00
2024-02-15 17:18:58.296409,-46,160,0,-66.98,974.54,169.82,507.50,-140.00,-297.50
2024-02-15 17:18:58.401285,-46,221,0,-66.73,974.29,169.21,-262.50,-332.50,-175.00
2024-02-15 17:18:58.507169,-46,221,0,-66.86,974.54,170.31,1067.50,-140.00,-262.50
2024-02-15 17:18:58.612284,-46,244,0,-66.86,974.90,169.34,752.50,35.00,-525.00
2024-02-15 17:18:58.717241,-46,218,0,-67.10,974.29,169.82,157.50,-315.00,-175.00
2024-02-15 17:18:58.822502,-46,144,0,-67.10,974.66,169.34,595.00,-140.00,-455.00
2024-02-15 17:18:58.927521,-46,222,0,-66.98,974.54,169.58,717.50,-105.00,-402.50
2024-02-15 17:18:59.033078,-46,186,0,-66.61,974.41,169.09,262.50,-262.50,-210.00
2024-02-15 17:18:59.138187,-46,216,0,-66.49,974.54,169.82,1260.00,-157.50,-280.00
2024-02-15 17:18:59.243371,-46,244,0,-66.98,974.54,169.34,822.50,-192.50,-315.00
2024-02-15 17:18:59.348894,-46,220,0,-67.10,974.54,170.31,752.50,-192.50,-175.00
2024-02-15 17:18:59.454059,-46,219,0,-66.73,974.78,170.07,700.00,-157.50,-332.50
2024-02-15 17:18:59.559097,-46,216,0,-66.61,974.54,170.80,857.50,-87.50,-350.00
2024-02-15 17:18:59.664272,-46,219,0,-66.86,974.78,170.31,420.00,-175.00,-280.00
2024-02-15 17:18:59.769053,-46,218,0,-67.10,974.78,171.41,612.50,-140.00,-332.50
2024-02-15 17:18:59.873842,-46,142,0,-66.73,974.90,170.80,420.00,-140.00,-262.50
2024-02-15 17:18:59.979424,-46,217,0,-66.86,975.02,172.02,700.00,-105.00,-332.50
2024-02-15 17:19:00.085324,-46,241,0,-66.73,975.02,171.90,472.50,-175.00,-332.50
2024-02-15 17:19:00.190173,-46,220,0,-67.10,974.90,172.63,490.00,-192.50,-280.00
2024-02-15 17:19:00.295710,-46,220,0,-66.86,974.90,172.26,315.00,-210.00,-332.50
2024-02-15 17:19:00.400237,-46,215,0,-66.73,974.66,172.87,577.50,-210.00,-367.50
2024-02-15 17:19:00.506093,-46,223,0,-66.73,974.90,172.63,577.50,-192.50,-367.50
2024-02-15 17:19:00.610580,-46,221,0,-66.86,974.90,173.00,577.50,-140.00,-280.00
2024-02-15 17:19:00.715429,-46,220,0,-66.86,975.02,172.51,385.00,-157.50,-245.00
2024-02-15 17:19:00.821203,-46,216,0,-66.86,974.90,172.75,612.50,-227.50,-332.50
2024-02-15 17:19:00.926868,-46,224,0,-66.86,974.90,172.14,490.00,-227.50,-315.00
2024-02-15 17:19:01.032253,-46,220,0,-66.98,974.78,172.14,630.00,-122.50,-262.50
2024-02-15 17:19:01.136319,-46,220,0,-66.98,974.78,171.78,437.50,-105.00,-227.50
2024-02-15 17:19:01.241550,-46,211,0,-67.10,974.78,171.78,630.00,-210.00,-420.00
2024-02-15 17:19:01.347666,-46,224,0,-66.86,974.78,171.41,437.50,-140.00,-262.50
2024-02-15 17:19:01.452849,-46,220,0,-66.86,974.78,171.53,595.00,-210.00,-315.00
2024-02-15 17:19:01.558331,-46,218,0,-66.86,975.02,171.29,437.50,-227.50,-350.00
2024-02-15 17:19:01.663051,-46,135,0,-66.86,974.90,171.78,682.50,-210.00,-420.00
2024-02-15 17:19:01.768658,-46,221,0,-66.86,974.66,171.04,350.00,-297.50,-157.50
2024-02-15 17:19:01.872970,-46,143,0,-66.73,974.66,171.29,612.50,-122.50,-315.00
2024-02-15 17:19:01.979124,-46,171,0,-66.61,974.90,170.56,490.00,-210.00,-315.00
2024-02-15 17:19:02.083118,-46,204,0,-66.73,974.78,171.04,630.00,-157.50,-367.50
2024-02-15 17:19:02.188516,-46,223,0,-66.73,974.66,170.68,350.00,-245.00,-227.50
2024-02-15 17:19:02.293859,-46,220,0,-66.61,974.66,170.80,752.50,-192.50,-315.00
2024-02-15 17:19:02.399225,-46,219,0,-66.61,974.66,170.43,402.50,-140.00,-402.50
2024-02-15 17:19:02.504541,-46,217,0,-66.73,974.66,170.56,437.50,-140.00,-332.50
2024-02-15 17:19:02.609849,-46,223,0,-66.61,974.78,170.56,420.00,-280.00,-332.50
2024-02-15 17:19:02.714571,-46,220,0,-66.49,975.02,171.04,507.50,-227.50,-350.00
2024-02-15 17:19:02.820703,-46,219,0,-66.86,974.78,171.04,700.00,-140.00,-210.00
2024-02-15 17:19:02.925796,-46,215,0,-66.73,974.90,171.29,595.00,-245.00,-420.00
2024-02-15 17:19:03.030585,-46,224,0,-66.73,974.78,170.92,315.00,-210.00,-192.50
2024-02-15 17:19:03.136098,-46,146,0,-66.86,974.78,171.41,770.00,-210.00,-350.00
2024-02-15 17:19:03.241399,-46,247,0,-66.61,974.78,170.80,227.50,-122.50,-280.00
2024-02-15 17:19:03.346036,-46,218,0,-66.86,974.66,171.04,612.50,-245.00,-227.50
2024-02-15 17:19:03.451768,-46,221,0,-66.86,974.90,170.68,1645.00,-140.00,-367.50
2024-02-15 17:19:03.557545,-46,220,0,-66.73,974.78,171.17,735.00,-140.00,-297.50
2024-02-15 17:19:03.662065,-46,220,0,-66.61,974.78,170.56,402.50,-87.50,-367.50
2024-02-15 17:19:03.767381,-46,158,0,-66.86,974.54,170.80,542.50,-297.50,-315.00
2024-02-15 17:19:03.872116,-46,224,0,-66.73,974.78,170.31,437.50,-245.00,-245.00
2024-02-15 17:19:03.977342,-46,220,0,-66.61,974.66,170.56,455.00,-210.00,-210.00
2024-02-15 17:19:04.083055,-46,229,0,-66.86,974.66,170.19,595.00,-175.00,-367.50
2024-02-15 17:19:04.187885,-46,217,0,-66.73,974.66,170.19,367.50,-245.00,-280.00
2024-02-15 17:19:04.293218,-46,221,0,-67.10,974.54,170.31,560.00,-157.50,-280.00
2024-02-15 17:19:04.398101,-46,218,0,-66.86,974.54,170.19,647.50,-192.50,-297.50
2024-02-15 17:19:04.503338,-46,220,0,-66.86,974.54,170.31,542.50,-157.50,-367.50
2024-02-15 17:19:04.608135,-46,138,0,-67.34,974.54,169.82,-332.50,-157.50,-385.00
2024-02-15 17:19:04.714466,-46,250,0,-66.86,974.54,170.07,700.00,-192.50,-140.00
2024-02-15 17:19:04.819135,-46,229,0,-66.86,974.90,170.31,1137.50,52.50,-490.00
2024-02-15 17:19:04.924840,-46,218,0,-66.61,974.17,169.82,192.50,-350.00,-122.50
2024-02-15 17:19:05.029385,-46,216,0,-66.86,974.54,169.82,1260.00,0.00,-402.50
2024-02-15 17:19:05.135019,-46,153,0,-66.25,974.41,170.07,1137.50,-105.00,-227.50
2024-02-15 17:19:05.240987,-46,217,0,-66.98,974.54,169.95,700.00,-122.50,-472.50
2024-02-15 17:19:05.345750,-46,220,0,-66.61,974.05,169.58,-192.50,-367.50,-17.50
2024-02-15 17:19:05.449650,-46,218,0,-66.86,974.78,170.07,1347.50,0.00,-472.50
2024-02-15 17:19:05.554667,-46,141,0,-66.73,974.17,169.82,332.50,-262.50,-280.00
2024-02-15 17:19:05.660420,-46,221,0,-66.98,974.29,169.58,595.00,-192.50,-332.50
2024-02-15 17:19:05.766191,-46,220,0,-66.86,974.54,170.07,875.00,-70.00,-472.50
2024-02-15 17:19:05.864361,-46,241,0,-66.98,974.29,169.82,420.00,-262.50,-262.50
2024-02-15 17:19:05.976892,-46,224,0,-66.61,974.54,169.58,455.00,-175.00,-332.50
2024-02-15 17:19:06.081478,-46,220,0,-66.86,974.41,169.95,490.00,-245.00,-367.50
2024-02-15 17:19:06.186941,-46,219,0,-66.73,974.66,169.58,437.50,-175.00,-280.00
2024-02-15 17:19:06.292136,-46,217,0,-66.86,974.54,169.58,542.50,-192.50,-315.00
2024-02-15 17:19:06.397430,-46,224,0,-66.86,974.54,169.34,455.00,-262.50,-227.50
2024-02-15 17:19:06.502614,-46,220,0,-66.86,974.54,169.58,525.00,-157.50,-332.50
2024-02-15 17:19:06.607239,-46,156,0,-66.86,974.41,169.46,857.50,-175.00,-332.50
2024-02-15 17:19:06.713122,-46,133,0,-66.86,974.41,169.58,437.50,-192.50,-367.50
2024-02-15 17:19:06.818010,-46,224,0,-66.86,974.41,169.46,455.00,-210.00,-280.00
2024-02-15 17:19:06.924724,-46,165,0,-66.86,974.54,169.46,577.50,-175.00,-280.00
2024-02-15 17:19:07.029239,-46,220,0,-66.98,974.41,169.70,542.50,-105.00,-367.50
2024-02-15 17:19:07.134115,-46,271,0,-66.86,974.41,169.82,665.00,-192.50,-332.50
2024-02-15 17:19:07.238289,-46,224,0,-66.98,974.66,169.82,577.50,-157.50,-385.00
2024-02-15 17:19:07.343739,-46,222,0,-66.73,974.54,169.70,472.50,-227.50,-297.50
2024-02-15 17:19:07.449971,-46,220,0,-66.73,974.54,169.70,647.50,-192.50,-297.50
2024-02-15 17:19:07.554482,-46,219,0,-66.86,974.66,169.70,770.00,-157.50,-385.00
2024-02-15 17:19:07.660156,-46,250,0,-66.86,974.54,169.58,787.50,-227.50,-280.00
2024-02-15 17:19:07.765176,-46,220,0,-66.86,974.54,169.46,542.50,-192.50,-385.00
2024-02-15 17:19:07.870417,-46,217,0,-66.86,974.54,169.70,507.50,-105.00,-227.50
2024-02-15 17:19:07.975889,-46,217,0,-66.86,974.54,169.70,630.00,-105.00,-315.00
2024-02-15 17:19:08.080956,-46,223,0,-66.86,974.54,170.07,490.00,-315.00,-227.50
2024-02-15 17:19:08.185475,-46,136,0,-66.73,974.66,170.43,665.00,-227.50,-297.50
2024-02-15 17:19:08.291400,-46,220,0,-66.86,974.54,170.43,472.50,-175.00,-297.50
2024-02-15 17:19:08.396356,-46,215,0,-66.73,974.41,169.95,1102.50,-122.50,-332.50
2024-02-15 17:19:08.501481,-46,249,0,-66.61,974.29,169.82,507.50,-210.00,-245.00
2024-02-15 17:19:08.607029,-46,221,0,-66.61,974.29,169.70,647.50,-122.50,-350.00
2024-02-15 17:19:08.711876,-46,233,0,-66.98,974.41,169.58,910.00,-105.00,-350.00
2024-02-15 17:19:08.817421,-46,140,0,-66.98,974.54,169.70,700.00,-192.50,-350.00
2024-02-15 17:19:08.915846,-46,154,0,-66.98,974.54,169.58,542.50,-175.00,-297.50
2024-02-15 17:19:09.028035,-46,220,0,-66.98,974.54,169.58,560.00,-122.50,-385.00
2024-02-15 17:19:09.133203,-46,219,0,-66.86,974.54,169.21,1050.00,-210.00,-262.50
2024-02-15 17:19:09.237842,-46,219,0,-66.86,974.66,169.46,472.50,-227.50,-332.50
2024-02-15 17:19:09.343839,-46,222,0,-66.73,974.66,169.34,525.00,-227.50,-297.50
2024-02-15 17:19:09.448772,-46,221,0,-66.98,974.29,169.70,647.50,-192.50,-245.00
2024-02-15 17:19:09.553789,-46,220,0,-66.73,974.66,169.70,542.50,-157.50,-472.50
2024-02-15 17:19:09.659418,-46,218,0,-66.86,974.66,169.82,525.00,-192.50,-332.50
2024-02-15 17:19:09.764274,-46,224,0,-66.73,974.66,169.21,630.00,-227.50,-367.50
2024-02-15 17:19:09.869601,-46,220,0,-66.73,974.78,169.70,525.00,-175.00,-315.00
2024-02-15 17:19:09.974190,-46,219,0,-66.98,974.54,169.34,455.00,-210.00,-315.00
2024-02-15 17:19:10.080132,-46,218,0,-66.98,974.54,169.70,367.50,-52.50,-332.50
2024-02-15 17:19:10.185133,-46,223,0,-66.86,974.54,169.46,455.00,-122.50,-315.00
2024-02-15 17:19:10.290428,-46,221,0,-66.86,974.54,169.58,665.00,-175.00,-280.00
2024-02-15 17:19:10.395020,-46,160,0,-66.73,974.41,169.46,17.50,-175.00,-297.50
2024-02-15 17:19:10.500766,-46,218,0,-66.98,974.41,169.58,735.00,-122.50,-315.00
2024-02-15 17:19:10.605795,-46,224,0,-66.86,974.66,169.58,560.00,-192.50,-245.00
2024-02-15 17:19:10.711083,-46,219,0,-66.98,974.78,169.46,682.50,-192.50,-315.00
2024-02-15 17:19:10.816012,-46,217,0,-67.10,974.54,169.34,577.50,-227.50,-332.50
2024-02-15 17:19:10.920982,-46,220,0,-66.86,974.54,169.46,560.00,-157.50,-245.00
2024-02-15 17:19:11.027049,-46,221,0,-66.98,974.54,169.21,455.00,-122.50,-385.00
2024-02-15 17:19:11.131963,-46,221,0,-66.86,974.54,169.70,560.00,-210.00,-315.00
2024-02-15 17:19:11.236925,-46,216,0,-66.73,974.41,169.46,472.50,-122.50,-245.00
2024-02-15 17:19:11.342371,-46,220,0,-66.86,974.54,169.70,612.50,-175.00,-367.50
2024-02-15 17:19:11.447187,-46,221,0,-66.86,974.66,169.34,612.50,-192.50,-315.00
2024-02-15 17:19:11.551751,-46,220,0,-66.86,974.66,169.70,525.00,-122.50,-350.00
2024-02-15 17:19:11.658149,-46,217,0,-66.86,974.54,169.34,455.00,-175.00,-332.50
2024-02-15 17:19:11.763087,-46,217,0,-66.86,974.41,169.70,542.50,-157.50,-367.50
2024-02-15 17:19:11.867377,-46,223,0,-66.86,974.41,169.46,437.50,-210.00,-210.00
2024-02-15 17:19:11.971549,-46,218,0,-66.98,974.54,169.58,612.50,-192.50,-315.00
2024-02-15 17:19:12.079745,-46,215,0,-66.86,974.54,169.58,700.00,-192.50,-350.00
2024-02-15 17:19:12.183619,-46,220,0,-66.86,974.54,169.82,577.50,-157.50,-245.00
2024-02-15 17:19:12.289058,-46,142,0,-66.73,974.54,169.58,577.50,-227.50,-297.50
2024-02-15 17:19:12.394347,-46,220,0,-66.86,974.41,169.58,507.50,-175.00,-332.50
2024-02-15 17:19:12.486142,-46,267,0,-66.86,974.54,169.34,542.50,-210.00,-245.00
2024-02-15 17:19:12.605121,-46,220,0,-66.86,974.66,169.58,577.50,-105.00,-420.00
2024-02-15 17:19:12.709861,-46,223,0,-66.86,974.78,169.34,472.50,-140.00,-280.00
2024-02-15 17:19:12.815437,-46,220,0,-66.86,974.78,169.82,595.00,-227.50,-332.50
2024-02-15 17:19:12.919989,-46,213,0,-66.73,974.66,169.34,402.50,-227.50,-350.00
2024-02-15 17:19:13.025597,-46,214,0,-66.86,974.54,169.82,630.00,-140.00,-332.50
2024-02-15 17:19:13.130800,-46,227,0,-66.73,974.66,169.46,297.50,-245.00,-315.00
2024-02-15 17:19:13.235254,-46,220,0,-66.73,974.78,169.58,612.50,-105.00,-297.50
2024-02-15 17:19:13.341955,-46,215,0,-66.61,974.66,169.46,647.50,-175.00,-280.00
2024-02-15 17:19:13.446966,-46,216,0,-66.86,974.54,169.58,472.50,-210.00,-297.50
2024-02-15 17:19:13.551705,-46,222,0,-66.73,974.54,169.58,630.00,-210.00,-315.00
2024-02-15 17:19:13.657109,-46,220,0,-66.86,974.54,169.58,560.00,-140.00,-315.00
2024-02-15 17:19:13.762526,-46,216,0,-66.86,974.54,169.58,577.50,-210.00,-332.50
2024-02-15 17:19:13.867032,-46,219,0,-66.86,974.54,169.70,507.50,-210.00,-385.00
2024-02-15 17:19:13.972990,-46,222,0,-66.86,974.41,169.58,647.50,-140.00,-315.00
2024-02-15 17:19:14.077592,-46,221,0,-66.98,974.41,169.70,595.00,-140.00,-297.50
2024-02-15 17:19:14.183151,-46,234,0,-66.98,974.54,169.46,595.00,-210.00,-315.00
2024-02-15 17:19:14.287430,-46,217,0,-66.86,974.41,169.46,490.00,-192.50,-297.50
2024-02-15 17:19:14.393445,-46,242,0,-66.73,974.54,169.58,542.50,-210.00,-332.50
2024-02-15 17:19:14.498152,-46,222,0,-66.61,974.41,169.70,577.50,-157.50,-315.00
2024-02-15 17:19:14.603753,-46,216,0,-66.73,974.41,169.70,455.00,-157.50,-297.50
2024-02-15 17:19:14.709169,-46,218,0,-66.98,974.41,169.70,577.50,-157.50,-350.00
2024-02-15 17:19:14.814787,-46,220,0,-66.86,974.41,169.82,542.50,-157.50,-385.00
2024-02-15 17:19:14.918611,-46,165,0,-66.86,974.54,169.82,647.50,-175.00,-297.50
2024-02-15 17:19:15.024847,-46,215,0,-66.98,974.66,169.58,542.50,-210.00,-332.50
2024-02-15 17:19:15.130117,-46,220,0,-66.86,974.54,169.82,560.00,-105.00,-350.00
2024-02-15 17:19:15.234437,-46,227,0,-66.86,974.54,169.58,455.00,-245.00,-385.00
2024-02-15 17:19:15.340543,-46,170,0,-66.86,974.41,169.58,577.50,-175.00,-280.00
2024-02-15 17:19:15.446033,-46,229,0,-66.98,974.41,169.58,420.00,-140.00,-280.00
2024-02-15 17:19:15.542899,-46,216,0,-66.73,974.29,169.70,507.50,-192.50,-297.50
2024-02-15 17:19:15.655194,-46,225,0,-66.98,974.54,169.70,525.00,-210.00,-367.50
2024-02-15 17:19:15.761986,-46,219,0,-66.86,974.66,169.21,-1470.00,-402.50,-175.00
